"","Construct","logOR_prior_elicitation","variance_prior_elicitation","participant_source"
"1","SocialSupport",2.42829675606567,0.0348826131243645,"human"
"2","NegativeAttitude",-0.78585267161705,0.406933406624452,"human"
"3","PositiveAttitude",1.16128330960309,0.14597375498155,"human"
"4","Symptoms_distress",-0.367724780125317,0.751974253871663,"human"
"5","SelfEfficacy",0.900975836811982,0.110317238558391,"human"
"6","fewerPerceivedSymptoms",1.66700776425558,0.131956972330459,"human"
"7","Dysphoria",-1.6094379124341,0.324341507427841,"human"
