"","Construct","logOR_prior_elicitation","variance_prior_elicitation","participant_source"
"1","SocialSupport",0.808794590520028,0.218802983136994,"ChatGPT"
"2","NegativeAttitude",1.45092690372456,7.01058013420388,"ChatGPT"
"3","PositiveAttitude",1.71403322464361,1.69154064481146,"ChatGPT"
"4","Symptoms_distress",0.833450444352479,0.128762143642121,"ChatGPT"
"5","SelfEfficacy",6.73081437660333,25.5763076057695,"ChatGPT"
"6","fewerPerceivedSymptoms",2.87552078804613,34.3189996046959,"ChatGPT"
"7","Dysphoria",0.948423330585326,0.948423330585326,"ChatGPT"
